Category,Product Name,Quantity,share
ACCESSORIES,PwS03+ External Power Switch and Usb Hub Desktop,9,0.32142857142857145
ACCESSORIES,RAKK LIMAYA + L+R Cushion Foam Pair Black,4,0.14285714285714285
ACCESSORIES,RAKK PRIYO Cushion Foam Pair,5,0.17857142857142858
ACCESSORIES,RAKK SINAG98 Polycarbonate Case,9,0.32142857142857145
ACCESSORIES,Rj-45 for Cat6 (Box),1,0.03571428571428571
AUDIO,Accutone Converse 95 Noise Cancelling Headset Black,109,0.07501720578114246
AUDIO,Accutone Nexus 2000 MagSafe Speaker Blue,97,0.06675843083275981
AUDIO,Accutone Nexus 2000 MagSafe Speaker Gray,85,0.05849965588437715
AUDIO,Accutone Nexus 2000 MagSafe Speaker Pink,88,0.060564349621472814
AUDIO,Accutone Sonar 280 Wireless & Wired Noise Cancelling Headset Black,115,0.0791465932553338
AUDIO,Accutone UB101 Stereo USB Headset Black,94,0.06469373709566414
AUDIO,Accutone UB210 Noise Cancelling Headset Black,90,0.06194081211286993
AUDIO,EPOS Sennheiser Impact SC 260 ED Headset,84,0.057811424638678596
AUDIO,Edifier K800 USB Headset Black,1,0.0006882312456985547
AUDIO,Edifier W820NB Plus Active Noice Cancellation Bluetooth Stereo Wireless Headset Ivory,102,0.07019958706125258
AUDIO,Fantech HG11 Captain 7.1 RGB Gaming Headset,2,0.0013764624913971094
AUDIO,Fantech Sonata MH90 Multi Platform Gaming Headset,1,0.0006882312456985547
AUDIO,INPLAY HN620 v2 Noise Cancelling Headset Black,2,0.0013764624913971094
AUDIO,Ilisten T69 White,2,0.0013764624913971094
AUDIO,Inplay H20 RGB Gaming Headset Black,14,0.009635237439779766
AUDIO,Inplay HN820 Active Noice Cancellation Uni-directional Headset,28,0.019270474879559532
AUDIO,Logitech G PRO X Wired 7.1 Gaming Headset,108,0.0743289745354439
AUDIO,Logitech G PRO X Wired 7.1 Gaming Headset (League of Legends Edition),90,0.06194081211286993
AUDIO,Logitech G335 Wired Gaming Headset Mint,1,0.0006882312456985547
AUDIO,Logitech G335 Wired Gaming Headset White,1,0.0006882312456985547
AUDIO,Logitech G435 Lightspeed Wireless Gaming Headset Black,1,0.0006882312456985547
AUDIO,Logitech G733 LIGHTSPEED Wireless RGB Gaming Headset Black,1,0.0006882312456985547
AUDIO,Logitech Zone Vibe 100 Wireless Headset Graphite,4,0.0027529249827942187
AUDIO,Poly 3220 Blackwire Corded UC USB-C/A Headset,2,0.0013764624913971094
AUDIO,RAKK HUNI Wired Gaming Headset RGB Black,21,0.014452856159669649
AUDIO,RAKK HUNI Wired Gaming Headset RGB White,1,0.0006882312456985547
AUDIO,RAKK KLARE  Gaming Headset USB Black,1,0.0006882312456985547
AUDIO,RAKK MYNA 7.1 Trimode Gaming Wireless Headset Black,16,0.011011699931176875
AUDIO,RAKK Matik USB Gaming Headset LED Illuminated,127,0.08740536820371644
AUDIO,RAKK SONIDO 7.1 Virtual Surround RGB Gaming Headset USB Black,165,0.11355815554026152
All,SDISC-DESKTOP-PBA-DEC2025-04,2,0.5
All,SDISC-DESKTOP-PBM-NOV2025-05,2,0.5
CABLES AND ADAPTERS,Ad-Link ADAPTER (A53) DP TO VGA CONVERTER,4,0.17391304347826086
CABLES AND ADAPTERS,Ad-Link CABLE (HDMI BLUEMESH V1.4) 10M,2,0.08695652173913043
CABLES AND ADAPTERS,Ad-Link CABLE (V705) VGA 3+4 1.5M,7,0.30434782608695654
CABLES AND ADAPTERS,Ad-Link CABLE (V73) VGA 3+4 (3M),8,0.34782608695652173
CABLES AND ADAPTERS,Ad-Link Cat6e 100 Meters Utp Cable Blue,1,0.043478260869565216
CABLES AND ADAPTERS,Ad-link HDMI 1.5 Meter Cable Redmesh,1,0.043478260869565216
CAMERA,A4Tech PK-910H Full-HD Webcam,5,0.031055900621118012
CAMERA,Hikvision E-HWID 2.8MM Eco-HiWatch 2.mm IR Dome E-HWID,141,0.8757763975155279
CAMERA,Logitech C270 HD Webcam,9,0.055900621118012424
CAMERA,TP-LINK Tapo C500 Outdoor Pan/Tilt Security WiFi Camera,6,0.037267080745341616
COMBO,A4Tech KRS-3330 USB Keyboard and Mouse Black,31,0.010930888575458392
COMBO,A4Tech KRS-8572 Usb Keyboard and Mouse Black,1380,0.48660084626234135
COMBO,Keytech K-516 Gaming Keyboard and Mouse,2,0.0007052186177715092
COMBO,Logitech MK270R Wireless Keyboard and Mouse,4,0.0014104372355430183
COMBO,RAKK APTAS ILLUMINATED / Membrane Keyboard and Mouse / No software / Rainbow lighting / Black,1342,0.47320169252468264
COMBO,RAKK APTAS ILLUMINATED / Membrane Keyboard and Mouse / No software / Rainbow lighting / White,12,0.004231311706629055
COMBO,RAKK TANDOG Membrane Keyboard and Mouse Bundle,23,0.008110014104372355
COMBO,RAKK TANDOG PRO Mechanical Keyboard and Mouse Bundle,42,0.014809590973201692
COOLING,AMD Stock Heatsink Fan,270,0.03985239852398524
COOLING,Ad-link 120mm Chassis Fan Black,1,0.00014760147601476016
COOLING,Asus AR120 ARGB PWM Single Chassis Fan Black,300,0.04428044280442804
COOLING,BeQuiet Silent Wings 4 (BL094) 120mm PWM High Speed Single Chassis Fan Black,298,0.04398523985239852
COOLING,COOLERMASTER Hyper 212 Spectrum V3 CPU Air Cooler (RR-S4NA-17PA-R1),4,0.0005904059040590406
COOLING,CoolerMaster Hyper 212 3DHP ARGB CPU Air Cooler Black,291,0.042952029520295205
COOLING,CoolerMaster MasterLiquid 240L Core Liquid Cooling Black,295,0.043542435424354244
COOLING,CoolerMaster MasterLiquid Core Nex 360 ARGB CPU Liquid Cooler Black,275,0.04059040590405904
COOLING,CoolerMaster V4 Alpha 3DHP CPU Air Cooler Black,287,0.04236162361623616
COOLING,Coolman 120mm Chassis Fan Black,18,0.0026568265682656825
COOLING,Dark Flash Darkvoid CPU Air Cooler RGB,1,0.00014760147601476016
COOLING,Dark Flash Dr12 Pro 120mm 3in1 Chassis Fan with Control Hub and Remote Control RGB,18,0.0026568265682656825
COOLING,DarkFlash DC 360 360MM Liquid CPU Cooler Black,1,0.00014760147601476016
COOLING,DarkFlash DM12 F 3in1 with Controller Remote ARGB Chassis Fan White,6,0.0008856088560885609
COOLING,DarkFlash DM12 F Single ARGB Chassis Fan Black,267,0.03940959409594096
COOLING,DarkFlash DM12 F Single ARGB Chassis Fan White,296,0.043690036900369
COOLING,DarkFlash E400 Plus Matrix Display CPU Air Cooler White,289,0.04265682656826568
COOLING,DarkFlash Explore DO360 Digital CPU Liquid Cooler Black,1,0.00014760147601476016
COOLING,DarkFlash Explore DO360 Digital CPU Liquid Cooler White,1,0.00014760147601476016
COOLING,DarkFlash Infinity 34 3in1 ARGB Chassis Fan Black,271,0.04
COOLING,DarkFlash Infinity 34 3in1 ARGB Chassis Fan White,9,0.0013284132841328412
COOLING,DarkFlash Infinity 34 Single ARGB Chassis Fan Black,8,0.0011808118081180813
COOLING,DarkFlash Infinity 34 Single ARGB Chassis Fan White,264,0.03896678966789668
COOLING,DarkFlash Infinity24 3in1 with Controller Remote ARGB Chassis Fan White,3,0.00044280442804428045
COOLING,DarkFlash Infinity24 Single ARGB Chassis Fan Black,307,0.045313653136531365
COOLING,DarkFlash Wave DV240S LCD Screen 240 ARGB CPU Liquid Cooler White,3,0.00044280442804428045
COOLING,Darkflash C6MS 120mm 3in1 ARGB Aurora Spectrum Black,11,0.0016236162361623616
COOLING,Darkflash C6MS 120mm 3in1 ARGB Aurora Spectrum White,8,0.0011808118081180813
COOLING,Darkflash C6S 120mm ARGB Aurora Spectrum Single Fan White,1,0.00014760147601476016
COOLING,Deepcool AG400 (R-AG400-BKADMN-G-1) ARGB Digital CPU Air Cooler Black,1,0.00014760147601476016
COOLING,Deepcool AG400 (R-AG400-BKADMP-G-1) ARGB Digital Plus CPU Air Cooler Black,3,0.00044280442804428045
COOLING,Deepcool AK400 R-AK400-BKNNMN-G-1 Single Tower CPU Air Cooler Black,18,0.0026568265682656825
COOLING,Deepcool AK500S Digital SE (R-AK500S-BKADMN-GJD) ARGB Single Tower CPU Air Cooler Black,4,0.0005904059040590406
COOLING,Deepcool AK500S Digital SE (R-AK500S-WHADMN-GJD) ARGB Single Tower CPU Air Cooler White,2,0.0002952029520295203
COOLING,Deepcool AK620 (R-AK620-BKNNMT-G) Dual Tower CPU Air Cooler Black,1,0.00014760147601476016
COOLING,Deepcool AK620 Digital SE (R-AK620-BKADMN-GJD) ARGB Dual Tower CPU Air Cooler Black,3,0.00044280442804428045
COOLING,Deepcool AK620 Digital SE (R-AK620-WHADMN-GJD) ARGB Dual Tower CPU Air Cooler White,1,0.00014760147601476016
COOLING,Deepcool FC120 3 in 1 ARGB PWM Cooling Fan Black,4,0.0005904059040590406
COOLING,Deepcool Gammaxx AG400 (R-AG400-BKNNMN-G-1) 120mm Single Tower CPU Air Cooler,9,0.0013284132841328412
COOLING,Deepcool Gammaxx AG400 PLUS (R-AG400-BKNNMD-G) Single Tower CPU Air Cooler,4,0.0005904059040590406
COOLING,Deepcool Gammaxx AG400 R-AG400-BKANMC-G-1 120mm ARGB Single Tower CPU Air Cooler,1,0.00014760147601476016
COOLING,Deepcool TW-003 CPU Air Cooler,284,0.04191881918819188
COOLING,Deepcool Z3 Silicon Syringe,17,0.0025092250922509225
COOLING,Deepcool Z5 Silicon Syringe,34,0.005018450184501845
COOLING,InPlay Ice One SINGLE CHASSIS FAN | 6PIN PAIR WITH HUB,2,0.0002952029520295203
COOLING,Jungle Leopard 3in1 ARGB Interstellar V3 Block Chassis Fan Black,1,0.00014760147601476016
COOLING,Jungle Leopard Astroshel V2G LCD 240 ARGB AIO Liquid Cooler Black,5,0.0007380073800738007
COOLING,Jungle Leopard Astroshel V2G LCD 240 ARGB AIO Liquid Cooler White,2,0.0002952029520295203
COOLING,Jungle Leopard Chill Arc 360mm ARGB Liquid Cooling Black,269,0.03970479704797048
COOLING,Jungle Leopard Chill Arc 360mm ARGB Liquid Cooling White,268,0.03955719557195572
COOLING,Jungle Leopard KF420E-DGT ARGB CPU Air Cooler Black,4,0.0005904059040590406
COOLING,Jungle Leopard KF420E-DGT ARGB CPU Air Cooler White,7,0.001033210332103321
COOLING,Jungle Leopard KF620-DGT ARGB CPU Air Cooler Black,1,0.00014760147601476016
COOLING,Keytech Mirage 3in1 120mm Chassis Fan with Control Hub and Remote Control Black,82,0.012103321033210332
COOLING,Keytech PRISM 3in1 120mm Chassis Fan Black,36,0.005313653136531365
COOLING,Keytech PRISM 3in1 120mm Chassis Fan White,1,0.00014760147601476016
COOLING,Keytech Tornado 3in1 120mm Chassis Fan with Control Hub and Remote Control ARGB,105,0.015498154981549815
COOLING,MSI MAG COREFROZR AA13 ARGB CPU Air Cooler black,322,0.047527675276752765
COOLING,MSI MAG Coreliquid A13 240 CPU Liquid Cooler Black,283,0.04177121771217712
COOLING,MSI MAG Coreliquid A13 360 CPU Liquid Cooler Black,268,0.03955719557195572
COOLING,MSI MAG Coreliquid A13 360 CPU Liquid Cooler White,273,0.04029520295202952
COOLING,MSI MAG Coreliquid A15 240 CPU Liquid Cooler Black,1,0.00014760147601476016
COOLING,NZXT F120 RGB Duo Triple Pack (RF-D12TF-W1) with RGB Controller Chassis Fan White,286,0.0422140221402214
COOLING,OVA RGB LET IT SHINE SINGLE 6 PIN CHASSIS FAN,1,0.00014760147601476016
COOLING,Ocypus Gamma A40 BK1AAWN00X-GL ARGB CPU Air Cooler Black,20,0.002952029520295203
COOLING,RAKK DANUM 240MM AIO CPU Liquid Cooling RGB Black,6,0.0008856088560885609
COOLING,Thermal Grizzly Kryonaut High Performance Thermal Paste 1g,2,0.0002952029520295203
COOLING,YGT Cyber-120IFB 3in1 ARGB Chassis Fan Black,317,0.04678966789667897
COOLING,YGT Cyber-120IFB Single Fan ARGB Chassis Fan Black,2,0.0002952029520295203
COOLING,YGT Cyber-120IFW 3in1 ARGB Chassis Fan White,17,0.0025092250922509225
COOLING,YGT Cyber-120IFW Single Fan ARGB Chassis Fan White,4,0.0005904059040590406
CUSTOMIZATION,RAKK GRADIENT PBT Keycaps Dye-Sub OEM Profile Pink,3,0.043478260869565216
CUSTOMIZATION,RAKK Hanan Cherry Profile PBT Dyesub Keycaps,1,0.014492753623188406
CUSTOMIZATION,RAKK ORO Switches 3-pin / 45g Linear / Lubed / 45pcs per Box,3,0.043478260869565216
CUSTOMIZATION,Redragon Standard Switch (WHITE BASE) Outemu Purple Switch,62,0.8985507246376812
DISPLAY,"AOC 22B15H2 21.45"" FHD IPS Monitor",1,0.00019241870309794111
DISPLAY,"AOC 24B36H3 23.8"" 120Hz FHD IPS Monitor",2,0.00038483740619588223
DISPLAY,"AOC 24B36X 23.8"" FHD 144Hz IPS Monitor",29,0.005580142389840293
DISPLAY,"AOC 24B36XE 23.8"" FHD 144Hz IPS Monitor",223,0.04290937079084087
DISPLAY,"AOC 24G11ZE 23.8"" 240Hz OC FHD Fast IPS Monitor",236,0.045410813931114104
DISPLAY,"AOC 27B36X 27"" FHD 144Hz IPS Monitor",20,0.0038483740619588225
DISPLAY,"AOC Q27B30S3 27"" QHD 120Hz IPS Monitor",1,0.00019241870309794111
DISPLAY,"AOC Q27G4SL/WS 27"" QHD 320Hz Fast IPS HDR 400 Monitor",233,0.04483355782182028
DISPLAY,"ASUS ROG Strix XG27ACMES 27"" QHD 255Hz-OC Fast IPS Monitor",200,0.03848374061958822
DISPLAY,"ASUS ROG Strix XG27ACS 27"" Fast IPS 180HZ QHD Monitor",3,0.0005772561092938234
DISPLAY,"ASUS TUF Gaming Series 5 VG259QMR5A 24.5"" FHD 310Hz(OC) Fast-IPS Monitor",236,0.045410813931114104
DISPLAY,"ASUS TUF Gaming Series 5 VG279QM5A 27"" 240Hz FHD Fast IPS Monitor",2,0.00038483740619588223
DISPLAY,"Acer EK251Q 24.5"" 144Hz FHD IPS Monitor",25,0.004810467577448528
DISPLAY,"Asus TUF Gaming VG259QM5A 24.5"" 240Hz IPS Gaming Monitor",240,0.04618048874350587
DISPLAY,"Bezel Ignite 2 24MD1FS-2 24.5"" 200Hz FHD IPS Monitor",4,0.0007696748123917645
DISPLAY,"GAMDIAS ATLAS  VH22F 22"" Monitor",1,0.00019241870309794111
DISPLAY,"Gamdias Atlas HD238IF III 23.8"" 120HZ FHD IPS Monitor Black",1,0.00019241870309794111
DISPLAY,"Gamdias Atlas HD24CII 24"" 180HZ FHD Curved Monitor",4,0.0007696748123917645
DISPLAY,"Gamdias Atlas HD24IF III 24"" 200HZ IPS Gaming Monitor",12,0.0023090244371752936
DISPLAY,"Gamdias Atlas HD24IF IV 23.8"" 240Hz FHD Fast IPS Monitor Black",265,0.0509909563209544
DISPLAY,"Gamdias Atlas HD27GII 27"" 180HZ FHD Curved Gaming Monitor",4,0.0007696748123917645
DISPLAY,"Gamdias Atlas HD27IFIII 27"" 200Hz FHD IPS Monitor",7,0.0013469309216855877
DISPLAY,"Gamdias Atlas QHD27FII 27"" 180Hz QHD IPS Monitor",6,0.0011545122185876468
DISPLAY,"Gamdias HD27H III 27"" 300Hz FHD Curved Gaming Monitor",2,0.00038483740619588223
DISPLAY,"Gamdias Monitor Atlas DHD32C ""31.5 Curved 240hz VA Gaming Monitor",3,0.0005772561092938234
DISPLAY,"Gamdias Venus HD24IFWII 24"" 200Hz FHD IPS Monitor",1,0.00019241870309794111
DISPLAY,"Gigabyte GS32QCA 31.5"" QHD 180Hz Monitor",1,0.00019241870309794111
DISPLAY,"LG 24GS60F-B UltraGear 24"" 180HZ 1MS HDR 10 FHD IPS Gaming Monitor",2,0.00038483740619588223
DISPLAY,"LG 24MR400-B 23.8"" IPS Full HD 100Hz monitor with AMD FreeSync Black",2,0.00038483740619588223
DISPLAY,"LG 24U411A-B 23.8"" 120Hz FHD IPS Monitor",204,0.039253415431979986
DISPLAY,"LG 27U411A-B 27"" FHD IPS 120Hz HDR 10 Monitor",20,0.0038483740619588225
DISPLAY,"MSI MAG 244C 23.6"" FHD 180Hz Curved Monitor",5,0.0009620935154897056
DISPLAY,"MSI MAG 245F X24 23.8"" 240Hz FHD Rapid IPS Monitor",256,0.049259187993072925
DISPLAY,"MSI MAG 255F E20 24.5"" 200Hz IPS Monitor",3,0.0005772561092938234
DISPLAY,"MSI MAG 272F X24 27"" 240Hz FHD Rapid IPS Monitor",237,0.045603232634212044
DISPLAY,"MSI MAG 274F 27"" FHD 200Hz IPS Monitor",3,0.0005772561092938234
DISPLAY,"MSI MAG 275QF E20 27"" WQHD 200Hz Rapid IPS Monitor",198,0.03809890321339234
DISPLAY,"MSI PRO MP251 E14L 24.5"" 144HZ FHD IPS Monitor",246,0.04733500096209352
DISPLAY,"Nvision EG24XT 23.8"" FHD 240Hz IPS Monitor",8,0.001539349624783529
DISPLAY,"Nvision G2455 23.8"" IPS 144Hz FHD Monitor Black",47,0.009043679045603232
DISPLAY,"Nvision H22V8 21.5"" LED Monitor",259,0.04983644410236675
DISPLAY,Nvision N190V8 19' LED Monitor,274,0.052722724648835866
DISPLAY,"Nvision N200V8 20"" LED Monitor",290,0.055801423898402924
DISPLAY,"Nvision N2455GT-B 23.8"" FHD 144Hz IPS Monitor",240,0.04618048874350587
DISPLAY,"Nvision N2455PRO-B 100Hz IPS Panel 23.8"" Monitor Black",138,0.026553781027515874
DISPLAY,"Nvision N2455PRO-W 100Hz IPS Panel 23.8"" Monitor White",14,0.0026938618433711755
DISPLAY,"Philips 24E2G2200 23.8"" 144Hz IPS FHD Monitor",235,0.04521839522801616
DISPLAY,"Philips 27E2G2200 27"" 144Hz IPS FHD Monitor",225,0.04329420819703675
DISPLAY,"ViewSonic VA24G1-H 24"" FHD 144Hz IPS Monitor",268,0.05156821243024822
DISPLAY,"ViewSonic VX2779A-HD-PRO 27"" 240Hz FHD IPS Monitor",4,0.0007696748123917645
DISPLAY,"Viewsonic VX2479A-HD-PRO 24"" 240Hz FHD 1MS MPRT IPS HDR10 Gaming Monitor",257,0.049451606696170866
EXTERNAL STORAGE DEVICES,Hiksemi M200 (STD) 64GB USB 3.0 Flashdrive,3,0.5
EXTERNAL STORAGE DEVICES,Hiksemi Sync E327C 32GB USB 3.2 Flashdrive Silver,1,0.16666666666666666
EXTERNAL STORAGE DEVICES,Kingston Canvas Select Plus 32GB MicroSD Card,1,0.16666666666666666
EXTERNAL STORAGE DEVICES,Kingston Data Traveler DTXM 128GB 3.2 USB Flashdrive,1,0.16666666666666666
GAMING SURFACE,RAKK SUKOG LITE 700x300x3mm Mousepad Black,40,0.08163265306122448
GAMING SURFACE,RAKK SUKOG LITE 800x400x3mm Mousepad Black,450,0.9183673469387755
GRAPHIC CARD,ASUS DUAL GeForce RTX 5060 (DUAL-RTX5060-8G) 8GB 128-bit GDDR7 Videocard,241,0.0597718253968254
GRAPHIC CARD,ASUS DUAL Nvidia GeForce RTX 5060 OC Edition (DUAL-RTX5060-O8G) 8GB 128-bit GDDR7 Videocard,9,0.002232142857142857
GRAPHIC CARD,ASUS DUAL Nvidia GeForce RTX 5060 Ti OC Edition (DUAL-RTX5060TI-O8G) 8GB 128-bit GDDR7 Videocard,257,0.06374007936507936
GRAPHIC CARD,ASUS Dual Nvidia Geforce RTX 3050 OC Edition (DUAL-RTX3050-O6G) 6GB 96-bit GDRR6 Videocard,256,0.06349206349206349
GRAPHIC CARD,ASUS Dual RX 7600 EVO OC Edition DUAL-RX7600-O8G-EVO 8GB 128-bit GDDR6 Videocard,263,0.06522817460317461
GRAPHIC CARD,ASUS Prime AMD Radeon RX 9060 XT OC (PRIME-RX9060XT-O16G) 16GB 128-Bit GDDR6 Videocard,209,0.051835317460317464
GRAPHIC CARD,Asrock Intel ARC B580 Challenger 12GB OC 12gb 192bit GDDR6 Videocard,2,0.000496031746031746
GRAPHIC CARD,Asrock RX 6600 8G CHALLENGER D 8gb 128bit GDdr6 Gaming Videocard,62,0.015376984126984126
GRAPHIC CARD,Asus AMD Radeon Dual RX 9060 XT DUAL-RX9060XT 8GB 128-bit GDDR6 Videocard,5,0.001240079365079365
GRAPHIC CARD,Asus Prime AMD Radeon RX 9070 OC (PRIME-RX9070-O16G) 16GB 256-Bit GDDR6 Videocard,248,0.061507936507936505
GRAPHIC CARD,Biostar Rx 580 VA5815RQ82 Dual Cooling Fan 8gb 256bit GDdr5 Gaming Videocard,321,0.07961309523809523
GRAPHIC CARD,Colorful Nvidia GeForce RTX 3050 6GB V4-V 96-bit GDDR6 Videocard,230,0.05704365079365079
GRAPHIC CARD,GALAX Nvidia GeForce RTX 5060 Ti 1-Click OC (56IZN8MDCPOC) 16GB 128-bit GDDR7 Videocard,1,0.000248015873015873
GRAPHIC CARD,Gigabyte Nvidia GeForce RTX 5060 AERO OC (GV-N5060AERO-OC-8GD) 8GB 128-bit GDDR7 Videocard,224,0.05555555555555555
GRAPHIC CARD,MSI GEFORCE RTX 3050 VENTUS 2X OC 6GB 96-bit DDR6 Videocard,263,0.06522817460317461
GRAPHIC CARD,MSI GTX 1630 VENTUS XS OC 4gb 64bit GDDR6 Videocard,4,0.000992063492063492
GRAPHIC CARD,MSI GeForce RTX 5060 Ventus 2X OC v1 (G5060-8V2CV1) 8GB 128-bit GDDR7 Videocard,228,0.05654761904761905
GRAPHIC CARD,MSI GeForce RTX 5070 Ti VENTUS 3X OC (G507T-16V3C) 16GB 256-bit GDDR7 Videocard,248,0.061507936507936505
GRAPHIC CARD,MSI Nvidia GeForce RTX 5050 VENTUS 2X OC (G5050-8V2C) 128-bit GDDR6 Videocard,209,0.051835317460317464
GRAPHIC CARD,MSI Nvidia GeForce RTX 5060 SHADOW 2X OC (G5060-8S2C) 8GB 128-bit GDDR7 Videocard,210,0.052083333333333336
GRAPHIC CARD,MSI Nvidia GeForce RTX 5060 TI SHADOW 2X OC (G506T-16S2CP) 16GB 128-bit GDDR7 Videocard,1,0.000248015873015873
GRAPHIC CARD,MSI Nvidia GeForce RTX 5060 TI SHADOW 2X OC PLUS (G506T-8S2P) 8GB 128-bit GDDR7 Videocard,3,0.000744047619047619
GRAPHIC CARD,MSI Nvidia GeForce RTX 5060 Ti VENTUS 2X OC PLUS (G506T-16V2CP) 16GB 128-bit GDDR7 Videocard,7,0.001736111111111111
GRAPHIC CARD,MSI Nvidia GeForce RTX 5060 VENTUS 2X OC (G5060-8V2C) 8GB 128-bit GDDR7 Videocard,279,0.06919642857142858
GRAPHIC CARD,MSI Nvidia GeForce RTX 5060 VENTUS 2X OC (G5060-8V2CW) 8GB 128-bit GDDR7 Videocard White,6,0.001488095238095238
GRAPHIC CARD,MSI Nvidia GeForce RTX 5070 VENTUS 2X OC 12GB 192-bit GDDR7 Videocard,214,0.053075396825396824
GRAPHIC CARD,MSI RTX 3060 Ventus 2X OC 12gb 192bit GDdr6 Gaming Videocard LHR,27,0.006696428571428571
GRAPHIC CARD,XFX Swift AMD Radeon RX 9060 XT OC Gaming Edition (RX-96TSW16BQ) 16GB 128-Bit GDDR6 Videocard,5,0.001240079365079365
HARD DISK,Seagate 1tb ST1000DM010 Harddisk Drive,49,0.8909090909090909
HARD DISK,Seagate 1tb ST1000DM014 Harddisk Drive,3,0.05454545454545454
HARD DISK,Seagate 1tb ST1000LM048 2.5 Sata Harddisk Drive,1,0.01818181818181818
HARD DISK,Western Digital 1tb Harddisk Drive Blue,2,0.03636363636363636
KEYBOARD,A4Tech KRS-85 Usb Keyboard Black,1,0.0007380073800738007
KEYBOARD,Aula S75 Pro RGB Gaming Mechanical Wireless Tri-Mode Keyboard Gradient Pink,643,0.4745387453874539
KEYBOARD,Fantech ATOM MK886 Red Switch RGB Mechanical Keyboard Gray,2,0.0014760147601476014
KEYBOARD,Fantech MAXPOWER MK853 Mechanical Gaming Keyboard White - BLUE Switch,589,0.43468634686346863
KEYBOARD,Fantech MK874 V2 Atom 63 Hot swappable 3pin Blue switch Mechanical Keyboard Navy Blue,1,0.0007380073800738007
KEYBOARD,Fantech MK886 V2 ATOM104 Sumi Edition Blue Switch Mechanical Keyboard Black,3,0.002214022140221402
KEYBOARD,Fantech MK886 V2 ATOM104 Sumi Edition Red Switch Mechanical Keyboard Black,6,0.004428044280442804
KEYBOARD,Logitech G213 Prodigy RGB Gaming Keyboard,2,0.0014760147601476014
KEYBOARD,RAKK BULAN / 82 Keys/Knob/Gasket/Trimode/UHS 5pin/Outemu Switches/PC Plate/PBT Cherry Doubleshot,34,0.025092250922509225
KEYBOARD,RAKK DAUG 96 Keys Wired Gaming Keyboard|Hotswappable|Rainbow LED|Yellow Switch|Black/Gray,21,0.015498154981549815
KEYBOARD,RAKK DAUG 96 Keys Wired Gaming Keyboard|Hotswappable|Rainbow LED|Yellow Switch|Gray/Black,8,0.005904059040590406
KEYBOARD,RAKK DIWA V3 68 Keys Huano Switch Mechanical Gaming Keyboard Black/Gray,6,0.004428044280442804
KEYBOARD,RAKK DIWA V3 68 Keys Huano Switch Mechanical Gaming Keyboard Gray/Black,2,0.0014760147601476014
KEYBOARD,RAKK DUHA | 68 Keys Split | VIA | Top Mount | CIDOO switches | PBT Dyesub Keycaps,1,0.0007380073800738007
KEYBOARD,RAKK KAPI BT+2.4G Membrane Keyboard 87 Keys Dark,1,0.0007380073800738007
KEYBOARD,RAKK KAPI BT+2.4G Membrane Keyboard 87 Keys Light,2,0.0014760147601476014
KEYBOARD,RAKK LAM-ANG PRO MAX 87 Keys / RGB / Trimode / Universal Hotswap / South Facing / Gasket Mount / Outemu Black / TFT Screen / Cherry Keycaps / White,3,0.002214022140221402
KEYBOARD,RAKK PIRAH PLUS 66 Keys Universal HotSwap Mechanical Gaming Keyboard,1,0.0007380073800738007
KEYBOARD,"RAKK SINAG PRO|Trimode Gasket Mount 1.4"" TFT Screen|96 Keys|Mechanical Keyboard|Black",12,0.008856088560885609
KEYBOARD,"RAKK SINAG PRO|Trimode Gasket Mount 1.4"" TFT Screen|96 Keys|Mechanical Keyboard|White",12,0.008856088560885609
KEYBOARD,RAKK Sari V2 RGB Usb Gaming Keyboard,5,0.0036900369003690036
LAPTOP GA1,MSI CYBORG 15 A12UCX-1298PH FHD Alder Lake i5-12450H/8GB DDR5/512GB SSD/RTX 2050 4GB/Win 11 Laptop,6,0.6666666666666666
LAPTOP GA1,"MSI Thin A15 B7UC-083PH 15.6"" FHD 144Hz Ryzen 5-7535HS/8GB DDR5/512GB NVMe PCIe SSD/RTX 3050 4GD6/Win11 Laptop",3,0.3333333333333333
LAPTOP GA2,"Asus Gaming V16 V3607VU-RP076W 16.0"" WUXGA (1920x1200) 144Hz Intel Core 5 210H/8GB DDR5/512GB M.2 NVMe PCIe 4.0 SS/ RTX 4050 6GD6/Win11 Laptop",1,0.010416666666666666
LAPTOP GA2,"Asus TUF Gaming A15 FA506NCR-HN007W 15.6"" FHD 144Hz Ryzen 7-7435HS/8GB DDR4/512GB PCIe 4.0 NVMe M.2 SSD/RTX 3050 4GD6/Win11 Laptop",1,0.010416666666666666
LAPTOP GA2,"Gigabyte Gaming A16 CMHH2PH893SH 16.0"" WUXGA 165Hz Intel Core i5-13420H/16GB DDR5/512GB 2x M.2 SSD/ RTX 4050 6GB/Win11Laptop",48,0.5
LAPTOP GA2,"MSI CYBORG 15 B13WEKG-639PH 15.6"" FHD 144Hz IPS Raptor Lake i5-13420H/8GB+8GB DDR5/512GB NVMe PCIe SSD/RTX 5050 8GD7/Win11 Laptop",5,0.052083333333333336
LAPTOP GA2,"MSI Cyborg 15 A13VE-2453PHNN 15.6"" FHD IPS 144Hz Intel Core i5-13420H/8GB DDR5-5200/512GB NVMe SSD PCIe Gen4/RTX 4050 6GD6/Win11 Laptop",41,0.4270833333333333
LAPTOP GA3,"Gigabyte Gaming A16 3THK3PH893SH 16.0"" WUXGA 165Hz Ryzen7-260/16GB DDR5/512GB 2x M.2 SSD/ RTX 5050 8GD7/Win11 Laptop",4,0.5
LAPTOP GA3,"Gigabyte Gaming A16 CTHI3PH893SH 16.0"" WUXGA 165Hz Intel Core i7-13620H/16GB DDR5/512GB  2x M.2 SSD/RTX 5050 8GD7/Win11 Laptop",3,0.375
LAPTOP GA3,"MSI CYBORG 15 B13WFKG-641PH 15.6"" FHD 144Hz IPS Raptor Lake i7-13620H/8GB+8GB DDR5/1TB NVMe PCIe SSD/RTX 5060 8GD7/Win11 Laptop",1,0.125
LAPTOP NO2,"Ningmei NL150-N15165A 15.6"" IPS Intel N150/16GB 3200Mhz/512GB SSD/Win 11 Laptop",2,1.0
LAPTOP PR1,"Asus Vivobook Go 15 E1504FA-BQ2324W 15.6"" FHD Ryzen 3-7320U/8GB LPDDR5/512GB M.2 NVMe PCIe 3.0 SSD/ AMD Radeon Graphics/Win11 Laptop (Mixed Black)",1,0.14285714285714285
LAPTOP PR1,"Asus Vivobook Go 15 E1504FA-NJ1909W 15.6"" FHD (1920x1080) Ryzen 3-7320U/8GB LPDDR5/512GB M.2 NVMe PCIe 3.0 SSD/AMD Radeon Graphics/Win11 Laptop (Grey Green)",4,0.5714285714285714
LAPTOP PR1,"Lenovo IdeaPad 1 15AMN7 15.6"" Ryzen 3-7320U/8GB LPDDR5/256GB SSD/Win11 Laptop SE",1,0.14285714285714285
LAPTOP PR1,"Ningmei NLR500-R765 15.6"" IPS Ryen 5-7430U/16GB DDR4/512GB SSD/Win11 Laptop + Fingerprint",1,0.14285714285714285
LAPTOP PR2,"Acer Aspire 7 A715-79G 15.6"" 144Hz IPS Intel Core I5-13420H/16GB DDR4/512GB SSD/RTX 3050 6GD6/Win11 Laptop SE",1,0.01282051282051282
LAPTOP PR2,"Acer Aspire Lite AL15-41 15.6"" FHD IPS Ryzen 5-7430U/16GB DDR4/512GB PCIe NVMe SSD/Win11 Pro SE",1,0.01282051282051282
LAPTOP PR2,"Asus Vivobook 14 X1404VA-EB2200WSM 14.0"" FHD Intel Core 5 120U/8GB DDR5/512GB SSD/Win11 Laptop H&S+M365 + Laptop Bag",28,0.358974358974359
LAPTOP PR2,"Asus Vivobook Go 15 E1504FA-BQ5585WSM 15.6""FHD IPS Ryzen 5-40/8GB LPDDR5/512GB M.2 NVMe PCIe 3.0 SSD/Win11 Laptop + HS M365",19,0.24358974358974358
LAPTOP PR2,"Lenovo IdeaPad 1 15AMN7 15.6"" Ryzen 5-7520U/8GB/512GB SSD/Win11 Pro Laptop SE",3,0.038461538461538464
LAPTOP PR2,"Lenovo IdeaPad Slim 3 15ABR8 15.6"" FHD Ryzen 5-5625U/8GB DDR4/512GB SSD/Win11 Pro Laptop SE",4,0.05128205128205128
LAPTOP PR2,"Lenovo ThinkPad E16 Gen2 16.0"" Core Ultra 5 125H/16GB DDR5/512GB M.2 NVMe PCIe 3.0 SSD Laptop MN",1,0.01282051282051282
LAPTOP PR2,"MSI Modern 14 F3HMG-039PHNN 14.0""FHD IPS Ryzen™ AI 5 330/8GB DDR5-5600/512GB*1 NVMe SSD PCIe Gen4/Win11 Laptop + OFC + Laptop Bag",21,0.2692307692307692
LAPTOP PR3,"Acer Aspire 3 15.6"" FHD IPS Ryzen 7-7730U/16GB/512GB SSD/Win11 Pro Laptop + Backlit SE",4,0.01702127659574468
LAPTOP PR3,"Acer Aspire AS15-42 15.6"" FHD IPS Ryzen 7-7730U/16GB/512GB SSD/Win11 Pro Laptop + Backlit SE",72,0.30638297872340425
LAPTOP PR3,"Lenovo V15 G4 ABP 15.6"" FHD Ryzen 7-7730U/8GB DDR4/512GB NVMe SSD/Win11 Pro Laptop SE",59,0.251063829787234
LAPTOP PR3,"Lenovo V15 G5 IRL 15.6"" Intel Core i5-13420H/16GB DDR5/512GB SSD Laptop/Win11 Laptop SE + Laptop Bag",52,0.22127659574468084
LAPTOP PR3,"MSI Modern 14 F1MG-887PHNN 14.0""FHD IPS Intel Core 7 150U/8GB+8GB DDR4-3200/512GB*1 NVMe SSD PCIe Gen4/Win11 Laptop + OFC + Laptop Bag",48,0.20425531914893616
MEMORY,Adata AD5S560016G-S/16 16gb 1x16 5600mhz Ddr5 Sodimm Memory,4,0.0005843681519357195
MEMORY,Adata Spectrix D35 8gb 1x8 3200mhz Ddr4 RGB Memory,1,0.00014609203798392987
MEMORY,Adata XPG Lancer Blade 32GB AX5U6000C3616G-DTLABRWH 2x16GB 6000Mhz CL36 DDR5 RGB Memory White,2,0.00029218407596785974
MEMORY,Apacer Golden Panther 16GB 2x8 (RP-K2-AH4U16G32C28Y7GAA-2) 3200Mhz DDR4 Memory,156,0.02279035792549306
MEMORY,Apacer Panther OC 16GB 1x16 (AH5U16G60C6227BAA-1) 6000Mhz CL38 DDR5 Memory Black,1,0.00014609203798392987
MEMORY,Biostar Storming V 16GB 1x16 3200Mhz DDR4 Memory,8,0.001168736303871439
MEMORY,Biostar Storming V 8GB 3200Mhz DDR4 Memory,408,0.05960555149744339
MEMORY,Biwin Black Opal DW100 32GB 2x16 6000Mhz CL36 DDR5 RGB Gaming Memory Black,7,0.0010226442658875091
MEMORY,Biwin Black Opal DW100 32GB 2x16 6000Mhz CL36 DDR5 RGB Gaming Memory White,2,0.00029218407596785974
MEMORY,Crucial 16GB CT16G4SFRA32A 3200Mhz DDR4 Sodimm,392,0.057268078889700515
MEMORY,FASPEED 8GB 3200Mhz DDR4 with Heatsink Memory,431,0.06296566837107377
MEMORY,G.Skill Ripjaws V 16gb 1x16 3200mhz DDR4 Memory Black,7,0.0010226442658875091
MEMORY,G.Skill Ripjaws V 8gb 1x8 3200mhz Ddr4 Memory,2,0.00029218407596785974
MEMORY,G.Skill Trident Z Neo 16gb 2x8 3200mhz Ddr4 RGB Memory,2,0.00029218407596785974
MEMORY,G.Skill Trident Z RGB 16GB F4-3200C16D-16GTZR 2x8 3200Mhz DDR4 Memory,2,0.00029218407596785974
MEMORY,G.Skill Trident Z RGB 16GB F4-3600C18D-16GTZR 2x8 3600Mhz DDR4 Memory,2,0.00029218407596785974
MEMORY,HKC PC 16gb 3200mhz DDR4 with Heatsink Memory Black,370,0.05405405405405406
MEMORY,HKC PC 8gb 3200mhz DDR4 with Heatsink Memory Black,378,0.055222790357925496
MEMORY,Hiksemi Armor 16GB 16x1 HSC416U32D2 3200Mhz DDR4 Memory Black,1,0.00014609203798392987
MEMORY,Hiksemi Future 16GB (16x1) HSC516U56C2 5600Mhz CL38 DDR5 Memory Black,451,0.06588750913075238
MEMORY,Hiksemi Future RGB 16GB (16x1) 6000Mhz CL38 DDR5 Memory Black,6,0.0008765522279035792
MEMORY,KINGBANK 16GB 1x16 3200mhz DDR4 with Heatsink Memory Silver,453,0.06617969320672024
MEMORY,KINGBANK 8GB 1x8 3200mhz DDR4 with Heatsink Memory Silver,84,0.01227173119065011
MEMORY,KINGBANK SharpBlade 16GB 2x8 3200mhz DDR4 RGB Memory White,4,0.0005843681519357195
MEMORY,KingBank SharpBlade 16GB 2x8 3200mhz DDR4 RGB Memory Black,97,0.014170927684441198
MEMORY,Kingston Fury Beast 16GB 1x16 KF432C16BB1/16WP 3200Mhz DDR4 Memory Black,9,0.001314828341855369
MEMORY,Kingston Fury Beast 16GB 2x8 KF432C16BWAK2/16 3200MT/s DDR4 Memory White Special Edition,7,0.0010226442658875091
MEMORY,Kingston Fury Beast 16GB KF560C30BBE-16 1x16 6000MT/s DDR5 CL30 Memory Black EXPO,1,0.00014609203798392987
MEMORY,Kingston Fury Beast 32gb KF556C40BBAK2-32 2x16 5600MT/s Ddr5 CL40 Memory RGB Black Intel XMP,1,0.00014609203798392987
MEMORY,Kingston Fury Beast 8GB 1x8 3200MT/s DDR4 Memory RGB White Special Edition,3,0.0004382761139517896
MEMORY,Kingston Fury Beast KF432C16BB/8 8gb 1x8 3200MT/s Ddr4 Memory Black,2,0.00029218407596785974
MEMORY,Kingston Fury Beast KF432C16BB2A/8 8gb 1x8 3200MT/s Ddr4 RGB Memory Black,3,0.0004382761139517896
MEMORY,Kingston Fury Beast KF432C16BB2AK2/16 16gb 2x8 3200MT/s Ddr4 RGB Memory Black,1,0.00014609203798392987
MEMORY,Kingston Fury Beast KF556C36BBEK2-16 16GB 2x8GB DDR5 5600MT/s CL36 Black EXPO,1,0.00014609203798392987
MEMORY,Kingston Fury Beast RGB 16GB KF432C16BB12A/16WP 1x16 3200Mhz DDR4 Memory Black,23,0.003360116873630387
MEMORY,Kingston KVR52S42BS6-8 8gb 1x8 5200MT/s Ddr5 Sodimm Memory,3,0.0004382761139517896
MEMORY,Lexar Ares 8GB LD4U08G32C16LA-RGS 3200Mhz DDR4 RGB Memory Black,395,0.0577063550036523
MEMORY,Lexar Ares OC 16GB LD4BU008G-R3600GDLA 2x8GB 3600Mhz DDR4 Memory RGB Black,6,0.0008765522279035792
MEMORY,Lexar LD4AS008G-B3200GSST 8GB 3200Mhz DDR4 Sodimm Memory,9,0.001314828341855369
MEMORY,Lexar LD4AS008G-R3200GSST 8GB 3200MHz DDR4 Sodimm Memory,4,0.0005843681519357195
MEMORY,Lexar LD4AS016G-B3200GSST 16GB 3200Mhz DDR4 Sodimm Memory,2,0.00029218407596785974
MEMORY,Lexar LD5S16G56C46ST-BGS 16GB 5600Mhz DDR5 Sodimm Memory,434,0.06340394448502557
MEMORY,Lexar Thor 16GB LD4BU008G-R3200GDXG 2x8 3200Mhz DDR4 Memory Blk,2,0.00029218407596785974
MEMORY,Lexar Thor 32GB LD5U16G60C38BG-RGD 2x16 6000Mhz DDR5 CL38 Memory RGB Black,2,0.00029218407596785974
MEMORY,Lexar Thor 8GB LD4BU008G-R3200GSXG 1x8 3200Mhz DDR4 Memory Dark Grey,3,0.0004382761139517896
MEMORY,Lexar Thor OC 16GB LD4U08G36C18LG-RGD 2x8 3600Mhz DDR4 Memory Blk,5,0.0007304601899196494
MEMORY,NETAC NTBSD4P26SP-16 1x16GB 2666Mhz Udimm Ddr4 Memory,1,0.00014609203798392987
MEMORY,Ramsta 4gb 1x4 2666mhz Ddr4 Memory,409,0.05975164353542732
MEMORY,Ramsta 4gb 1x4 2666mhz Ddr4 Sodimm Memory,409,0.05975164353542732
MEMORY,Team Elite Plus 16GB 1x16 3200Mhz DDR4 Memory Black Gold,29,0.004236669101533966
MEMORY,Team Elite Plus 8gb 1x8 3200Mhz Ddr4 Memory Black Gold,448,0.06544923301680058
MEMORY,Team Elite Plus 8gb 1x8 3200Mhz Ddr4 Memory Black Red,8,0.001168736303871439
MEMORY,Team Elite TForce Delta 16gb 2x8 3200mhz Ddr4 RGB Memory Black,7,0.0010226442658875091
MEMORY,Team Elite TForce Delta 16gb 2x8 3200mhz Ddr4 RGB Memory White,2,0.00029218407596785974
MEMORY,Team Elite TForce Delta 16gb 2x8 3600mhz Ddr4 RGB Memory Black,417,0.06092037983929876
MEMORY,Team Elite TForce Delta 16gb 2x8 3600mhz Ddr4 RGB Memory White,411,0.06004382761139518
MEMORY,Team Elite TForce Delta TUF 16gb 2x8 3200mhz Ddr4 RGB Memory,4,0.0005843681519357195
MEMORY,Team Elite Vulcan TUF 16gb 2x8 3200mhz Ddr4 Memory,1,0.00014609203798392987
MEMORY,Team Elite Vulcan Z 16GB 2x8 3200mHz Gray DDR4 Memory,93,0.013586559532505479
MEMORY,Team T-Force Delta RGB 32GB 16GBx2 6000Mhz CL30 DDR5 Memory Black,4,0.0005843681519357195
MEMORY,Team T-Force Delta RGB 32GB 16GBx2 6000Mhz CL30 DDR5 Memory White,1,0.00014609203798392987
MEMORY,Team T-Force Delta RGB ECO 64GB 2x32 6000Mhz CL38 DDR5 Memory Silver,4,0.0005843681519357195
MEMORY,Team Vulcan Eco 32GB 16GBx2 6000Mhz CL38 DDR5 Memory Silver,19,0.0027757487216946678
MEMORY,Team Vulcan Z 32GB 16GBx2 6000Mhz CL38 DDR5 Memory Black,1,0.00014609203798392987
MEMORY,Teamgroup Vulcan 16GB 8GBx2 6000Mhz CL38 DDR5 Memory,390,0.05697589481373265
MINI PC,Beelink EQR6-LP AMD Ryzen 5 6600U Processor / Dual Gigabit Lan / 32GB 4800MHZ DDR5 / 500GB NVMe M.2 SSD,42,0.2131979695431472
MINI PC,Beelink EQi12-D4 Intel Core i5-1235U Processor / Dual Gigabit Lan / 16GB 3200MHZ DDR4 / 500GB NVMe M.2 SSD,2,0.01015228426395939
MINI PC,Beelink Mini S12 Intel 12th Gen N95 Processor / 8GB 3200MHZ DDR4 / 256GB M.2 PCIe SSD,6,0.030456852791878174
MINI PC,EasyPC Pocket Rocket Beelink EQR5-D4 AMD Ryzen 5 5650U Processor / 16GB 3200MHz DDR4 / 500GB NVMe M.2 SSD,6,0.030456852791878174
MINI PC,"Nvision A24K6-S-i704-1625 Intel i7-4700M 16GB 256GB SSD 23.8"" FHD IPS All in One PC",39,0.19796954314720813
MINI PC,"Nvision A24K7-R560-1651 Ryzen 5-5600H 16GB 512GB SSD 23.8"" FHD IPS All in One PC",20,0.10152284263959391
MINI PC,Y5Plus Intel Core i7 4650U / 8GB DDr3 / 128GB SSD / WIFI 5 DUAL / 4* USB 3.0 / 2* HDMI 2.0 / 1* RJ45 1000Mbps / 1* Type-C / Windows 11 Pro Mini PC,48,0.2436548223350254
MINI PC,Y5Pro Intel Core i5 8250U / 16GB DDr4 / 512GB SSD / WIFI 5 DUAL / 4* USB 3.0 / 2* HDMI 2.0 / 1* RJ45 1000Mbps / 1* Type-C / Windows 11 Pro Mini PC,34,0.17258883248730963
MOTHERBOARD,ASUS PRIME B650M-A II Socket AM5 DDR5 Motherboard,1,0.00015659254619480113
MOTHERBOARD,ASUS PRIME B850M-A WIFI-CSM Socket AM5 DDR5 Motherboard,365,0.05715627936110241
MOTHERBOARD,ASUS Prime B450M-K II AM4 ddr4 motherboard,2,0.00031318509238960227
MOTHERBOARD,Asrock A520M-HVS Socket Am4 DDR4 Motherboard,355,0.0555903538991544
MOTHERBOARD,Asrock B450M HDV Motherboard Socket Am4 Ddr4,116,0.01816473535859693
MOTHERBOARD,Asus B650M-AYW Wifi DDR5 AMD Motherboard,399,0.06248042593172565
MOTHERBOARD,Asus B760M-AYW WIFI Socket LGA 1700 Ddr4 Motherboard,347,0.05433761352959599
MOTHERBOARD,Asus PRIME B650M-A WIFI II Socket AM5 DDR5 Motherboard,1,0.00015659254619480113
MOTHERBOARD,Asus Prime A520M-K Gaming Socket AM4 Ddr4 Motherboard,119,0.018634512997181333
MOTHERBOARD,Asus Prime A520M-K/CSM AM4 AMD Motherboard,371,0.05809583463827122
MOTHERBOARD,Asus Prime B550M-A Wifi II Socket Am4 Ddr4 Gaming Motherboard,394,0.061697463200751645
MOTHERBOARD,Asus Prime B550M-K ARGB Socket Am4 Ddr4 Motherboard,417,0.06529909176323206
MOTHERBOARD,Biostar A520MHP Socket Am4 DDR4 Motherboard,377,0.05903538991544002
MOTHERBOARD,Biostar B450MHP Socket Am4 DDR4 Motherboard,2,0.00031318509238960227
MOTHERBOARD,Gigabyte B550M-K Socket Am4 Ddr4 Motherboard,359,0.056216724083933606
MOTHERBOARD,Gigabyte B650I AX AM5 Socket DDR5 Motherboard,1,0.00015659254619480113
MOTHERBOARD,Gigabyte B850 AORUS ELITE WIFI7 ICE AM5 Socket Ddr5 Motherboard,1,0.00015659254619480113
MOTHERBOARD,Gigabyte B860M GAMING X WIFI6E LGA1851 Socket Ddr5 Motherboard,361,0.05652990917632321
MOTHERBOARD,Gigabyte GA-B450M-DS3H WIFI Socket Am4 Ddr4 Motherboard,8,0.001252740369558409
MOTHERBOARD,Gigabyte GA-B450M-K Socket Am4 Ddr4 Motherboard,3,0.0004697776385844034
MOTHERBOARD,Gigabyte H610M-H V2 Socket LGA 1700 Ddr4 Motherboard,1,0.00015659254619480113
MOTHERBOARD,MSI A520m-A Pro Socket Am4 Ddr4 Motherboard,350,0.0548073911681804
MOTHERBOARD,MSI B450M-A Pro Max II Socket Am4 Ddr4  Motherboard,83,0.012997181334168493
MOTHERBOARD,MSI B550M Pro VDH Wifi Socket Am4 Ddr4 Motherboard,429,0.06717820231756969
MOTHERBOARD,MSI B550M-A PRO Socket Am4 Ddr4 Motherboard,391,0.06122768556216724
MOTHERBOARD,MSI B650M GAMING WIFI AM5 DDR5 Motherboard,396,0.06201064829314125
MOTHERBOARD,MSI B650M Project zero socket LGA AM5 DDR5 Motherboard,345,0.05402442843720639
MOTHERBOARD,MSI PRO B650M-P Socket AM5 DDR5 Motherboard,5,0.0007829627309740056
MOTHERBOARD,MSI PRO X870-P WIFI Ddr5 AM5 Motherboard,367,0.05746946445349201
MOTHERBOARD,MSI Pro B760M-E M-ATX LGA 1700 DDR4 Motherboard,2,0.00031318509238960227
MOTHERBOARD,MSI Z790 GAMING PLUS WIFI LGA 1700 DDR5 Motherboard,2,0.00031318509238960227
MOTHERBOARD,Msi PRO H610M-E Socket LGA 1700 Ddr4 Motherboard,16,0.002505480739116818
MOUSE,A4Tech OP-720 Usb Mouse Black,48,0.024742268041237112
MOUSE,Fantech Crypto VX7 Gaming Mouse Black,4,0.002061855670103093
MOUSE,Fantech VX9 Kanata Gaming Mouse,3,0.0015463917525773195
MOUSE,Logitech G 502X Wired Gaming Mouse White,218,0.11237113402061856
MOUSE,Logitech G102 Lightsync Gaming Mouse Black,284,0.1463917525773196
MOUSE,Logitech G102 Lightsync Gaming Mouse White,247,0.12731958762886597
MOUSE,Logitech G304 Lightspeed Wireless Gaming Mouse Black,2,0.0010309278350515464
MOUSE,Logitech G304 Lightspeed Wireless Gaming Mouse White,2,0.0010309278350515464
MOUSE,RAKK DASIG LITE Huano Switch RGB Gaming Mouse,266,0.13711340206185568
MOUSE,RAKK DASIG X3 Ambidextrous Hotswap Trimode PAW3311 Huano 80M RGB Gaming Mouse Black,305,0.15721649484536082
MOUSE,RAKK DASIG X3 Ambidextrous Hotswap Trimode PAW3311 Huano 80M RGB Gaming Mouse White,277,0.14278350515463917
MOUSE,RAKK GAHUM Trimode 3395 Lightweight Gaming Mouse Black,1,0.0005154639175257732
MOUSE,RAKK GAHUM Trimode 3395 Lightweight Gaming Mouse Grey,13,0.006701030927835051
MOUSE,RAKK KAPTAN Trimode PAW3395 Lightweight 53g Gaming Mouse White,2,0.0010309278350515464
MOUSE,RAKK MAG-AN Trimode PAW3335 Lightweight 53g Gaming Mouse Black,15,0.007731958762886598
MOUSE,RAKK TALAN AERO X PAW3395 8K Polling Omron Optical Trimode Lightweight 55g Gaming Mouse Black,252,0.12989690721649486
MOUSE,Redragon M916 Lite King Wireless Gaming Mouse Black,1,0.0005154639175257732
NETWORK DEVICE,ASUS RT-BE50 BE3600 Dual Band WiFi 7 Router,79,0.15105162523900573
NETWORK DEVICE,DITO Home WoWFi Lite 4G WiFi Router,85,0.16252390057361377
NETWORK DEVICE,DITO Home WoWFi Pro 5G WiFi Router,68,0.13001912045889102
NETWORK DEVICE,LB Link BL-WN151 150Mbps Wireless N USB Adapter,6,0.011472275334608031
NETWORK DEVICE,LB-Link BL-WN351 300Mbps Wireless Usb WiFi Adapter,32,0.06118546845124283
NETWORK DEVICE,TP-Link Archer AX12 AX1500 Wi-Fi 6 Router,4,0.0076481835564053535
NETWORK DEVICE,TP-Link Archer BE220 Dual Band Wi-Fi 7 Router,80,0.15296367112810708
NETWORK DEVICE,TP-Link Archer C54 AC1200 Dual Band Wi-Fi Router,3,0.0057361376673040155
NETWORK DEVICE,TP-Link TL-WR820N 300Mbps Multimode Wi-Fi Router,80,0.15296367112810708
NETWORK DEVICE,"TPLink TL-SG1005LP 5 Port, Gigabit, 4X PoE Switch Hub",2,0.0038240917782026767
NETWORK DEVICE,Tp-Link TL-SG1016 16 Ports Gigabit Switch Hub,1,0.0019120458891013384
NETWORK DEVICE,Tp-Link TL-WA901ND Wireless N Access Point,83,0.1586998087954111
PC CASE,1stplayer Megaview MV8-TP Dual Chamber ATX PC Case Black,1,0.00016592002654720425
PC CASE,1stplayer Uview UV5 Dual Chamber Micro ATX PC Case Black,2,0.0003318400530944085
PC CASE,1stplayer Uview UV5 Dual Chamber Micro ATX PC Case White,1,0.00016592002654720425
PC CASE,Acer Air 2 N with Digital Screen ATX PC Case Black,2,0.0003318400530944085
PC CASE,Acer Air 2 N with Digital Screen ATX PC Case White,1,0.00016592002654720425
PC CASE,Acer Air 2 Plus with LCD Screen ATX PC Case Black,2,0.0003318400530944085
PC CASE,Acer Air 2 Plus with LCD Screen ATX PC Case White,5,0.0008296001327360213
PC CASE,Aigo Apollo A275 Panoramic Glass Micro ATX Gaming PC Case Black,2,0.0003318400530944085
PC CASE,Aigo Apollo A275 Panoramic Glass Micro ATX Gaming PC Case White,1,0.00016592002654720425
PC CASE,Antec VX300M ARGB Tempered Glass Micro ATX PC Case Black,6,0.0009955201592832255
PC CASE,Asus A21 Tempered Glass Micro ATX PC Case Black,251,0.041645926663348265
PC CASE,Asus A31 Tempered Glass Mid Tower ATX PC Case White,247,0.04098224655715945
PC CASE,CoolerMaster Elite 301 Lite Mesh Micro ATX  PC Case Black,1,0.00016592002654720425
PC CASE,CoolerMaster Elite 301 Lite Mesh Micro ATX  PC Case White,1,0.00016592002654720425
PC CASE,CoolerMaster Elite 302 ARGB Micro ATX PC Case Black,270,0.04479840716774515
PC CASE,CoolerMaster Elite 600 ARGB ATX Mid Tower PC Case Black,271,0.04496432719429235
PC CASE,CoolerMaster Qube 540 Moonstone ATX PC Case,268,0.04446656711465074
PC CASE,Cougar MX110 RGB Mid Tower Tempered Glass ATX PC Case Black,251,0.041645926663348265
PC CASE,Dark Flash DLM21 Mesh Mid Tower Gaming PC Case Black,8,0.001327360212377634
PC CASE,Dark Flash DLM21 Mesh Mid Tower Gaming PC Case White,1,0.00016592002654720425
PC CASE,DarkFlash C285P V2 ATX Tempered Glass Side Panel Gaming PC Case Black,1,0.00016592002654720425
PC CASE,DarkFlash DB330M Mesh Micro ATX Tempred Glass Side Gaming PC Case Black,84,0.013937282229965157
PC CASE,DarkFlash DB330M Mesh Micro ATX Tempred Glass Side Gaming PC Case White,8,0.001327360212377634
PC CASE,DarkFlash DB330M Micro ATX Tempred Glass Side and Front Panel Gaming PC Case Black,6,0.0009955201592832255
PC CASE,DarkFlash DB330M v2 Reset Micro ATX Tempered Glass Side and Front Panel Gaming PC Case White,7,0.0011614401858304297
PC CASE,DarkFlash DB460M Mesh Micro ATX Tempered Glass PC Case Black,2,0.0003318400530944085
PC CASE,DarkFlash DK352 Mesh ATX Tempered Glass Side Panel Gaming PC Case Black,3,0.0004977600796416127
PC CASE,DarkFlash DK352 Mesh ATX Tempered Glass Side Panel Gaming PC Case White,1,0.00016592002654720425
PC CASE,DarkFlash DK352 Plus ATX Tempered Glass Side Panel Gaming PC Case Black,2,0.0003318400530944085
PC CASE,DarkFlash DY460 Tempered Glass ATX PC Case Black,1,0.00016592002654720425
PC CASE,DarkFlash Floatron F1 Micro ATX PC Case Black & White,279,0.04629168740666999
PC CASE,DarkFlash M305 Mesh Micro ATX Tempered Glass Gaming PC Case Black,90,0.014932802389248382
PC CASE,DarkFlash M305 Micro ATX Tempered Glass Gaming PC Case Black,13,0.0021569603451136554
PC CASE,DarkFlash M305 with 3 RGB Fan Micro ATX Tempered Glass Gaming PC Case Black,251,0.041645926663348265
PC CASE,Deepcool D-Shield V2 ATX PC Case Black,1,0.00016592002654720425
PC CASE,Gamdias Aura GC10 v2 ARGB Dual Chamber Micro ATX PC Case Black,266,0.04413472706155633
PC CASE,InPlay Meteor 03 Mid Tower Gaming Case Black,1,0.00016592002654720425
PC CASE,InPlay Meteor 03 Mid Tower Gaming Case White,1,0.00016592002654720425
PC CASE,InPlay Wind 01 Acrylic Side Panel Micro ATX PC Case,257,0.04264144682263149
PC CASE,Keytech Cyborg ROG Micro ATX with 6fans Gaming PC Case Black,1,0.00016592002654720425
PC CASE,Keytech T-100 Tempered Glass Micro ATX Gaming PC Case With PSU Black,34,0.005641280902604944
PC CASE,Keytech T-100 Tempered Glass Micro ATX Gaming PC Case With PSU White,1,0.00016592002654720425
PC CASE,MSI MAG FORGE 120A AIRFLOW Mid Tower PC Case Black,8,0.001327360212377634
PC CASE,MSI MAG Forge M100A Auto RGB Micro ATX PC Case Black,299,0.04961008793761407
PC CASE,MSI MAG Forge M100R Micro ATX PC Case Black,64,0.010618881699021072
PC CASE,MSI MAG PANO 100R Project Zero Micro ATX PC Case Black,274,0.045462087273933964
PC CASE,MSI MAG PANO M100R Project Zero Micro ATX PC Case Black,1,0.00016592002654720425
PC CASE,MSI PAG PANO M110A ARGB Micro ATX PC Case Black,278,0.04612576738012278
PC CASE,MSI PANO 110R PZ Mid Tower Gaming PC Case Black,253,0.041977766716442676
PC CASE,NZXT H5 Flow RGB 2024 (CC-H52FW-R1) ATX PC Case White,1,0.00016592002654720425
PC CASE,NZXT H6 Flow CC-H61FW-01 Tempered Glass ATX PC Case White,318,0.05276256844201095
PC CASE,NZXT H7 Flow (2024) CM-H72FW-01 ATX PC Case White,257,0.04264144682263149
PC CASE,NZXT H7 Flow RGB (2024) CM-H72FB-R1 ATX PC Case Black,224,0.03716608594657375
PC CASE,RAKK MASID MATX Tempered Gaming Case Black,15,0.0024888003982080635
PC CASE,RAKK MASID MATX Tempered Gaming Case White,11,0.0018251202920192466
PC CASE,RAKK NAYA ATX Mesh Gaming PC Black,2,0.0003318400530944085
PC CASE,RAKK TANAN MATX Tempered Glass with PSU and Fans,247,0.04098224655715945
PC CASE,YGT 420B Micro ATX PC Case Black,299,0.04961008793761407
PC CASE,YGT B-700 Micro ATX Tempered Glass PC Case Black,1,0.00016592002654720425
PC CASE,YGT B-708 Micro ATX Mesh Tempered Glass PC Case Black,4,0.000663680106188817
PC CASE,YGT M235 Micro ATX Tempered Glass PC Case Black,3,0.0004977600796416127
PC CASE,YGT Mars 9 Micro ATX PC Case with PSU Black,260,0.0431392069022731
PC CASE,YGT Mars 9 Micro ATX/ITX PC Case Black,11,0.0018251202920192466
PC CASE,YGT N195 Micro ATX Tempered Glass Gaming Case Black,19,0.0031524805043968806
PC CASE,YGT N275 Micro ATX Tempered Glass Gaming Case Black,5,0.0008296001327360213
PC CASE,YGT V100 Micro ATX PC Case with PSU Black,2,0.0003318400530944085
PC CASE,YGT V100 Micro ATX PC Case with PSU White,235,0.038991206238593
PC CASE,YGT Y-288 Micro ATX Tempered Glass PC Case Black,34,0.005641280902604944
POWER SUPPLY,ASRock Pro-650B 650W 80+ Bronze Non-Modular ATX 3.1 Power Supply,294,0.04904904904904905
POWER SUPPLY,ASRock Steel Legend SL-1000G 1000W 80+ Gold Cybenetics Gold ATX 3.1 Full Modular Power Supply,365,0.06089422756089423
POWER SUPPLY,Acer AC-1000 1000w Full Modular 80plus Gold Power Supply,2,0.000333667000333667
POWER SUPPLY,Acer AC-500 500W Non-Modular 80+ Bronze Power Supply Black,341,0.056890223556890225
POWER SUPPLY,Acer AC-550 550w Full Modular 80plus Bronze Power Supply,426,0.07107107107107107
POWER SUPPLY,Acer AC-650 650W Non-Modular 80+ Bronze Power Supply Black,348,0.05805805805805806
POWER SUPPLY,Acer AC-650 650w Full Modular  80plus Bronze Power Supply,385,0.0642308975642309
POWER SUPPLY,Acer AC-750 750W Non-Modular 80+ Bronze Power Supply Black,334,0.05572238905572239
POWER SUPPLY,Aigo G5 HJ Plus GP550 550W 80+ Bronze Power Supply,1,0.0001668335001668335
POWER SUPPLY,Aigo G6 HJ Plus GP650 650W 80+ Bronze Power Supply,4,0.000667334000667334
POWER SUPPLY,Asus Prime 650W 80+ Bronze Power Supply,468,0.07807807807807808
POWER SUPPLY,Asus Prime 750W 80+ Bronze Power Supply,25,0.004170837504170837
POWER SUPPLY,Asus Prime AP-850W 80+ Gold Full Modular Power Supply,335,0.055889222555889226
POWER SUPPLY,Asus TUF Gaming 650B 80+ Bronze 650W Gaming Power Supply,11,0.0018351685018351686
POWER SUPPLY,CoolerMaster MWE 650W V3 (MPE-6501-ACABW-3BUS) 80+ Bronze ATX 3.1 Power Supply,375,0.06256256256256257
POWER SUPPLY,CoolerMaster MWE 750W V3 (MPE-7501-ACABW-3BUS) 80+ Bronze ATX 3.1 Power Supply,356,0.05939272605939273
POWER SUPPLY,Coolermaster MWE850 V2 ATX 3.1 FM MPE-8501-AFAAG-3EU2 850watts Fully Modular 80+ Gold Power Supply,1,0.0001668335001668335
POWER SUPPLY,Corsair CX550 550 watts 80 Plus Bronze Power Supply,3,0.0005005005005005005
POWER SUPPLY,Corsair CX650 650 watts 80 Plus Bronze Power Supply,7,0.0011678345011678344
POWER SUPPLY,Corsair CX750 750 watts 80 Plus Bronze Power Supply,4,0.000667334000667334
POWER SUPPLY,Corsair SF850 850 watts SFX 80+ Platinum Power Supply,1,0.0001668335001668335
POWER SUPPLY,Cougar Atlas 650 Watts 80+ Bronze ATX 3.1 Power Supply,1,0.0001668335001668335
POWER SUPPLY,DarkFlash GS 550M 550W Full Modular 80+ Bronze Power Supply,2,0.000333667000333667
POWER SUPPLY,DarkFlash GS 650M 650W Full Modular 80+ Bronze Power Supply,3,0.0005005005005005005
POWER SUPPLY,DarkFlash GS 850M 850W Full Modular 80+ Bronze Power Supply,2,0.000333667000333667
POWER SUPPLY,FSP HV PRO 85+ FSP550-51AAC 550 watts 80+ Bronze Non-Modular Power Supply,1,0.0001668335001668335
POWER SUPPLY,Intelligent 700 watts Power Supply,384,0.06406406406406406
POWER SUPPLY,Keytech BTS 550 watts ATX Power Supply,11,0.0018351685018351686
POWER SUPPLY,MSI MAG A550BN 550Watts 80+ Non-Modular Power Supply Bronze,395,0.06589923256589923
POWER SUPPLY,MSI MAG A600DN 600W 80+ Power Supply,337,0.05622288955622289
POWER SUPPLY,MSI MAG A650BN 650Watts 80+ Non-Modular Power Supply Bronze,398,0.06639973306639974
POWER SUPPLY,MSI MAG A850GL 850Watts PCIE5 80+ Full Modular Power Supply Gold Black,374,0.06239572906239573
PRINTER AND SCANNER,Brother DCP-T730DW 3 in 1 Ink Tank Printer,1,0.004901960784313725
PRINTER AND SCANNER,Canon Pixma MG3070S Compact Wireless All-In-One Printer,26,0.12745098039215685
PRINTER AND SCANNER,Canon Pixma TS207 Printer Inkjet,46,0.22549019607843138
PRINTER AND SCANNER,Epson L121 Ink Tank Printer,40,0.19607843137254902
PRINTER AND SCANNER,Epson L3210 Multi Functional Integrated Ink Tank Printer,14,0.06862745098039216
PRINTER AND SCANNER,Epson L3250 Wi-Fi Multi Functional Integrated Ink Tank Printer,3,0.014705882352941176
PRINTER AND SCANNER,Epson L3310 Multi Functional Integrated Ink Tank Printer,37,0.18137254901960784
PRINTER AND SCANNER,Epson L3350 Wi-Fi Multi Functional Integrated Ink Tank Printer,37,0.18137254901960784
PROCESSOR,AMD RYZEN 7 7800X3D Socket AM5 D5 5.0ghz with Radeon Graphics processor TTP,350,0.05691982436168483
PROCESSOR,AMD RYZEN 7 9800X3D Socket AM5 D5 5.2ghz with Radeon Graphics processor,310,0.050414701577492275
PROCESSOR,AMD Ryzen 3 3200g PRO Socket Am4 3.6ghz with Radeon Vega 8 Processor MPK,330,0.05366726296958855
PROCESSOR,AMD Ryzen 3 3200g Socket Am4 3.6ghz with Radeon Vega 8 Processor,1,0.0001626280696048138
PROCESSOR,AMD Ryzen 5 3400g 3.7ghz AM4 Socket DDR4 Processor MPK,275,0.044722719141323794
PROCESSOR,AMD Ryzen 5 5500 Socket Am4 3.6GHz Processor with AMD wraith cooler MPK,425,0.06911692958204586
PROCESSOR,AMD Ryzen 5 5500GT 3.6GHz AM4 Socket DDR4 Processor MPK,435,0.070743210278094
PROCESSOR,AMD Ryzen 5 5600 Socket Am4 3.5GHz Processor with Wraith stealth cooler MPK,392,0.063750203285087
PROCESSOR,AMD Ryzen 5 5600GT 3.6GHz AM4 Socket DDR4 Processor MPK,349,0.056757196292080016
PROCESSOR,AMD Ryzen 5 5600X Socket AM4 3.7GHz Processor with Wraith Stealth Cooler MPK,354,0.05757033664010408
PROCESSOR,AMD Ryzen 5 7500F Socket AM5 3.7GHz Processor MPK,11,0.0017889087656529517
PROCESSOR,AMD Ryzen 5 8400F 4.2GHz AM5 Socket DDR5 Processor MPK,315,0.05122784192551635
PROCESSOR,AMD Ryzen 7 5700G Socket Am4 3.8GHz with Radeon Vega 8 wraith stealth cooler Processor MPK,369,0.06000975768417629
PROCESSOR,AMD Ryzen 7 5700X Socket AM4 3.4GHz Processor with AMD Wraith Stealth cooler MPK,378,0.06147341031061961
PROCESSOR,AMD Ryzen 7 7700 Socket AM5 3.8GHz Processor MPK,338,0.05496828752642706
PROCESSOR,AMD Ryzen 7 8700F 4.1ghz AM5 Socket DDR5 Processor MPK,325,0.052854122621564484
PROCESSOR,AMD Ryzen 9 9900X 4.4GHz AM5 Socket DDR5 Processor TTP,244,0.039681248983574564
PROCESSOR,Intel Core I5-12400 Alder Lake Socket 1700 2.5GHz Processor MPK,12,0.0019515368352577655
PROCESSOR,Intel Core Ultra 7 processor 270K Plus LGA 1851 5.5Ghz Processor,315,0.05122784192551635
PROCESSOR,Intel Core i3-12100 Alder Lake Socket 1700 4.30GHz Processor MPK,2,0.0003252561392096276
PROCESSOR,Intel Core i5-14400 4.7GHz LGA 1700 Processor MPK,301,0.04895104895104895
PROCESSOR,Intel Core i9-14900K Raptor Lake Socket LGA 1700 3.20GHz Processor,2,0.0003252561392096276
PROCESSOR,Intel Core i9-14900K Raptor Lake Socket LGA 1700 3.20GHz Processor MPK,316,0.05139046999512116
SOLID STATE DRIVE,Adata Legend 710 1TB PCIe GEN3 x4 M.2 2280 Solid State Drive,3,0.0003971405877680699
SOLID STATE DRIVE,Adata Legend 710 256GB PCIe GEN3 x4 M.2 2280 Solid State Drive,2,0.00026476039184537993
SOLID STATE DRIVE,Adata Legend 710 512GB PCIe GEN3 x4 M.2 2280 Solid State Drive,12,0.0015885623510722795
SOLID STATE DRIVE,Adata SU650 Solid State Drive 256GB SATA 2.5,11,0.0014561821551495897
SOLID STATE DRIVE,Adata SU650 Solid State Drive 512GB SATA 2.5,551,0.07294148795340218
SOLID STATE DRIVE,Apacer AS2280P4 512GB PCIe Gen 3x4 M.2 NVMe Solid State Drive,541,0.07161768599417527
SOLID STATE DRIVE,Apacer AS2280Q4X 1TB PCIe 4.0 M.2 NVMe Solid State Drive,8,0.0010590415673815197
SOLID STATE DRIVE,Apacer AS2280Q4X 512GB PCIe 4.0 M.2 NVMe Solid State Drive,10,0.0013238019592268996
SOLID STATE DRIVE,ESGaming 512GB SATA 2.5 Solid State Drive,555,0.07347100873709293
SOLID STATE DRIVE,Hiksemi Wave P 256GB PCIE Gen3 M.2 Solid State Drive,561,0.07426528991262907
SOLID STATE DRIVE,Hiksemi Wave S 256B SATA 2.5 Solid State Drive,603,0.07982525814138205
SOLID STATE DRIVE,KINGBANK KP230 512GB M.2 PCIe Solid State Drive Gen 3x4,4,0.0005295207836907599
SOLID STATE DRIVE,Kingbank KP230 256GB Solid State Drive SATA 2.5,3,0.0003971405877680699
SOLID STATE DRIVE,Kingston NV3 1TB PCIe 4.0 M.2 NVME Solid State Drive,105,0.013899920571882446
SOLID STATE DRIVE,Kingston NV3 2TB PCIe 4.0 M.2 NVME SNV3S Solid State Drive,6,0.0007942811755361397
SOLID STATE DRIVE,Kingston SNV3 500GB PCIe 4.0 M.2 NVME Solid State Drive,68,0.009001853322742918
SOLID STATE DRIVE,Kingston SSDNow A400 Solid State Drive 480gb SATA 2.5,1,0.00013238019592268997
SOLID STATE DRIVE,Lexar NM610 Pro 1TB M.2 NVME Solid State Drive,28,0.003706645485835319
SOLID STATE DRIVE,Lexar NM610 Pro 500gb M.2 NVME Solid State Drive,144,0.019062748212867357
SOLID STATE DRIVE,Lexar NM620 1TB M.2 NVME Solid State Drive,609,0.08061953931691819
SOLID STATE DRIVE,Lexar NM620 256GB M.2 NVME Solid State Drive,6,0.0007942811755361397
SOLID STATE DRIVE,Lexar NM620 512gb M.2 NVME Solid State Drive,3,0.0003971405877680699
SOLID STATE DRIVE,Lexar NQ100 256GB Solid State Drive SATA 2.5,590,0.07810431559438707
SOLID STATE DRIVE,Lexar NQ780 LNQ780X001T-RNNNG 1TB PCIe 4.0 M.2 NVME Solid State Drive,3,0.0003971405877680699
SOLID STATE DRIVE,Lexar NS10 Lite Solid State Drive 120gb SATA 2.5,578,0.0765157532433148
SOLID STATE DRIVE,Samsung 990 Pro 2TB NVME M.2 Solid State Drive,2,0.00026476039184537993
SOLID STATE DRIVE,Team Group GX2 512GB Sata III 2.5 Solid State Drive,64,0.008472332539052158
SOLID STATE DRIVE,Team Group GX2 Solid State Drive 256gb SATA 2.5,658,0.08710616891713
SOLID STATE DRIVE,Team Group GX2 Solid State Drive 2tb SATA 2.5,4,0.0005295207836907599
SOLID STATE DRIVE,Team Group MP33 256GB M.2 PCIe NVME Solid State Drive,668,0.0884299708763569
SOLID STATE DRIVE,Team Group MP33 512GB M.2 PCIe Gen3.0 x4 NVME 1.3 Solid State Drive,539,0.07135292560232989
SOLID STATE DRIVE,Team Group MP33 PRO 1TB M.2 PCIe Gen3.0 x4 NVME 1.3 Solid State Drive,21,0.0027799841143764893
SOLID STATE DRIVE,Team Group MP33 PRO 2TB M.2 PCIe Gen3.0 x4 NVME 1.3 Solid State Drive,1,0.00013238019592268997
SOLID STATE DRIVE,Team Group MP33 PRO 512GB M.2 PCIe Gen3.0 x4 NVME 1.3 Solid State Drive,28,0.003706645485835319
SOLID STATE DRIVE,Teamgroup T-Force GA Pro 1TB NVMe M.2 Gen 5 Solid State Drive,564,0.07466243050039714
SPEAKER,Edifier ES20 Portable Bluetooth Speaker Black,7,0.06140350877192982
SPEAKER,Edifier ES20 Portable Bluetooth Speaker Ivory,17,0.14912280701754385
SPEAKER,Edifier M101BT 2.1 Bluetooth Speaker,1,0.008771929824561403
SPEAKER,Edifier M1250 Usb Powered 2.0 Speaker,11,0.09649122807017543
SPEAKER,Edifier R12U Usb Powered Speaker Black,18,0.15789473684210525
SPEAKER,Edifier T5 Powered Subwoofer,13,0.11403508771929824
SPEAKER,Edifier XM2PF Simple Elegant 2.1 Speaker,2,0.017543859649122806
SPEAKER,InPlay MS002 Mini Speaker Black,15,0.13157894736842105
SPEAKER,"ORTIZAN C7 Dual-Mode 2.0 Studio Monitors, Active Monitor Speakers, Black",15,0.13157894736842105
SPEAKER,"ORTIZAN C7 Dual-Mode 2.0 Studio Monitors, Active Monitor Speakers, White",15,0.13157894736842105
UPS & AVR,APC Back-Ups BVX650I-PH 360 Watts 650va with Avr Universal Sockets Ups,273,0.314878892733564
UPS & AVR,APC Easy UPS BV1000I-MS 1000VA,2,0.002306805074971165
UPS & AVR,Eco Power 220v/110v Avr,2,0.002306805074971165
UPS & AVR,Secure 1000va UPS,2,0.002306805074971165
UPS & AVR,Secure 1500va UPS,2,0.002306805074971165
UPS & AVR,Secure 220v Avr,295,0.3402537485582468
UPS & AVR,Secure 650va Ups,276,0.31833910034602075
UPS & AVR,Secure SVC-500 500VA AVR,15,0.01730103806228374
