Month,Category,actual,predicted
2026-04,ACCESSORIES,152.0,13748.281
2026-05,ACCESSORIES,50.0,13748.281
2026-06,ACCESSORIES,52.0,13748.281
2026-07,ACCESSORIES,0.0,17107.707
2026-08,ACCESSORIES,51.0,17107.707
2026-04,AUDIO,55640.0,89884.71
2026-05,AUDIO,59285.0,105249.625
2026-06,AUDIO,103770.0,70287.81
2026-07,AUDIO,81105.0,66928.38
2026-08,AUDIO,78555.0,66928.38
2026-04,All,0.0,13748.281
2026-05,All,0.0,13748.281
2026-06,All,0.0,13748.281
2026-07,All,0.0,13748.281
2026-08,All,0.0,13748.281
2026-04,CABLES AND ADAPTERS,0.0,14253.38
2026-05,CABLES AND ADAPTERS,0.0,13748.281
2026-06,CABLES AND ADAPTERS,0.0,13748.281
2026-07,CABLES AND ADAPTERS,0.0,13748.281
2026-08,CABLES AND ADAPTERS,220.0,13748.281
2026-04,CAMERA,2900.0,13748.281
2026-05,CAMERA,7250.0,13748.281
2026-06,CAMERA,5800.0,13748.281
2026-07,CAMERA,10150.0,13748.281
2026-08,CAMERA,2900.0,13748.281
2026-04,COMBO,31140.0,39038.027
2026-05,COMBO,31515.0,39038.027
2026-06,COMBO,27435.0,35678.6
2026-07,COMBO,32190.0,35678.6
2026-08,COMBO,39915.0,35678.6
2026-04,COOLING,566650.0,483300.0
2026-05,COOLING,571850.0,472535.56
2026-06,COOLING,362160.0,480616.25
2026-07,COOLING,488275.0,471703.6
2026-08,COOLING,498590.0,507170.62
2026-04,CUSTOMIZATION,3.0,14253.38
2026-05,CUSTOMIZATION,4.0,13748.281
2026-06,CUSTOMIZATION,2.0,13748.281
2026-07,CUSTOMIZATION,1.0,13748.281
2026-08,CUSTOMIZATION,2.0,13748.281
2026-04,DISPLAY,962700.0,771652.56
2026-05,DISPLAY,917225.0,990113.25
2026-06,DISPLAY,734305.0,978013.06
2026-07,DISPLAY,1212925.0,964931.44
2026-08,DISPLAY,1016610.0,1.00084675e+06
2026-04,EXTERNAL STORAGE DEVICES,0.0,13748.281
2026-05,EXTERNAL STORAGE DEVICES,0.0,13748.281
2026-06,EXTERNAL STORAGE DEVICES,0.0,13748.281
2026-07,EXTERNAL STORAGE DEVICES,0.0,13748.281
2026-08,EXTERNAL STORAGE DEVICES,0.0,13748.281
2026-04,GAMING SURFACE,2660.0,13748.281
2026-05,GAMING SURFACE,3230.0,13748.281
2026-06,GAMING SURFACE,2660.0,13748.281
2026-07,GAMING SURFACE,2470.0,13748.281
2026-08,GAMING SURFACE,4370.0,13748.281
2026-04,GRAPHIC CARD,3138200.0,3.7820082e+06
2026-05,GRAPHIC CARD,3614500.0,3.8845382e+06
2026-06,GRAPHIC CARD,3216650.0,3.8873108e+06
2026-07,GRAPHIC CARD,3756250.0,3.308492e+06
2026-08,GRAPHIC CARD,5194350.0,3.3518822e+06
2026-04,HARD DISK,0.0,19150.346
2026-05,HARD DISK,3450.0,16432.021
2026-06,HARD DISK,3450.0,16432.021
2026-07,HARD DISK,3450.0,16432.021
2026-08,HARD DISK,24150.0,16432.021
2026-04,KEYBOARD,97790.0,109555.06
2026-05,KEYBOARD,79110.0,89884.71
2026-06,KEYBOARD,57470.0,128205.94
2026-07,KEYBOARD,67270.0,66928.38
2026-08,KEYBOARD,92740.0,109555.06
2026-04,LAPTOP GA1,0.0,33513.09
2026-05,LAPTOP GA1,0.0,16432.021
2026-06,LAPTOP GA1,0.0,16432.021
2026-07,LAPTOP GA1,0.0,16432.021
2026-08,LAPTOP GA1,0.0,16432.021
2026-04,LAPTOP GA2,306975.0,145800.92
2026-05,LAPTOP GA2,251980.0,162408.14
2026-06,LAPTOP GA2,121990.0,180767.94
2026-07,LAPTOP GA2,58995.0,180767.94
2026-08,LAPTOP GA2,306975.0,165856.69
2026-04,LAPTOP GA3,0.0,18562.951
2026-05,LAPTOP GA3,68995.0,18562.951
2026-06,LAPTOP GA3,68995.0,42178.06
2026-07,LAPTOP GA3,0.0,42178.06
2026-08,LAPTOP GA3,0.0,44896.38
2026-04,LAPTOP NO2,0.0,16432.021
2026-05,LAPTOP NO2,0.0,16432.021
2026-06,LAPTOP NO2,0.0,16432.021
2026-07,LAPTOP NO2,0.0,16432.021
2026-08,LAPTOP NO2,0.0,16432.021
2026-04,LAPTOP PR1,0.0,18368.01
2026-05,LAPTOP PR1,0.0,18368.01
2026-06,LAPTOP PR1,0.0,16432.021
2026-07,LAPTOP PR1,0.0,16432.021
2026-08,LAPTOP PR1,0.0,16432.021
2026-04,LAPTOP PR2,47795.0,115946.46
2026-05,LAPTOP PR2,127785.0,138352.64
2026-06,LAPTOP PR2,47795.0,110637.2
2026-07,LAPTOP PR2,131985.0,111090.89
2026-08,LAPTOP PR2,175780.0,113996.63
2026-04,LAPTOP PR3,197980.0,204390.17
2026-05,LAPTOP PR3,228975.0,215521.97
2026-06,LAPTOP PR3,246975.0,183925.47
2026-07,LAPTOP PR3,284965.0,208376.17
2026-08,LAPTOP PR3,282970.0,211735.6
2026-04,MEMORY,1624480.0,1.2084066e+06
2026-05,MEMORY,1420105.0,1.4133496e+06
2026-06,MEMORY,1046820.0,1.4285949e+06
2026-07,MEMORY,1782120.0,1.3929044e+06
2026-08,MEMORY,2115820.0,1.3852194e+06
2026-04,MINI PC,74750.0,183614.03
2026-05,MINI PC,39800.0,183614.03
2026-06,MINI PC,71750.0,183614.03
2026-07,MINI PC,64800.0,72769.65
2026-08,MINI PC,119650.0,66670.38
2026-04,MOTHERBOARD,1589520.0,1.4222051e+06
2026-05,MOTHERBOARD,1138340.0,1.44242e+06
2026-06,MOTHERBOARD,1143845.0,1.44242e+06
2026-07,MOTHERBOARD,1469650.0,1.4346616e+06
2026-08,MOTHERBOARD,1663115.0,1.400268e+06
2026-04,MOUSE,90330.0,63986.637
2026-05,MOUSE,60045.0,70085.91
2026-06,MOUSE,68640.0,70085.91
2026-07,MOUSE,71745.0,70085.91
2026-08,MOUSE,88955.0,111766.58
2026-04,NETWORK DEVICE,27575.0,19036.73
2026-05,NETWORK DEVICE,27572.0,25114.486
2026-06,NETWORK DEVICE,19064.0,21755.059
2026-07,NETWORK DEVICE,21734.0,27050.473
2026-08,NETWORK DEVICE,36739.0,25114.486
2026-04,PC CASE,711480.0,478376.8
2026-05,PC CASE,554690.0,478747.47
2026-06,PC CASE,513550.0,532021.94
2026-07,PC CASE,469530.0,568580.9
2026-08,PC CASE,629230.0,614402.25
2026-04,POWER SUPPLY,706903.0,623284.6
2026-05,POWER SUPPLY,608128.0,665438.9
2026-06,POWER SUPPLY,617108.0,687745.56
2026-07,POWER SUPPLY,641043.0,646134.44
2026-08,POWER SUPPLY,876094.0,639694.5
2026-04,PRINTER AND SCANNER,14990.0,44879.297
2026-05,PRINTER AND SCANNER,26270.0,87505.945
2026-06,PRINTER AND SCANNER,45390.0,44879.297
2026-07,PRINTER AND SCANNER,45390.0,44879.297
2026-08,PRINTER AND SCANNER,38440.0,41519.87
2026-04,PROCESSOR,2565420.0,1.8384205e+06
2026-05,PROCESSOR,2591580.0,2.0510136e+06
2026-06,PROCESSOR,2356740.0,2.6211655e+06
2026-07,PROCESSOR,2451385.0,2.8478418e+06
2026-08,PROCESSOR,2508140.0,2.329319e+06
2026-04,SOLID STATE DRIVE,1167090.0,898736.94
2026-05,SOLID STATE DRIVE,954425.0,1.0221621e+06
2026-06,SOLID STATE DRIVE,1116060.0,957037.2
2026-07,SOLID STATE DRIVE,1174000.0,1.0396282e+06
2026-08,SOLID STATE DRIVE,1322805.0,1.04015156e+06
2026-04,SPEAKER,4450.0,19589.543
2026-05,SPEAKER,3495.0,20129.225
2026-06,SPEAKER,0.0,16905.8
2026-07,SPEAKER,30915.0,17410.9
2026-08,SPEAKER,6855.0,19589.543
2026-04,UPS & AVR,51150.0,38836.125
2026-05,UPS & AVR,30200.0,45370.156
2026-06,UPS & AVR,31450.0,38836.125
2026-07,UPS & AVR,21000.0,42195.55
2026-08,UPS & AVR,33950.0,38836.125
