Category,mae,rmse,avg_actual
ACCESSORIES,15031.0515625,15124.118405575107,61.0
AUDIO,27898.9515625,30798.242029292203,75671.0
All,13748.28125,13748.28125,0.0
CABLES AND ADAPTERS,13805.3009765625,13807.381675395016,44.0
CAMERA,7948.28125,8410.955643034955,5800.0
COMBO,6277.93125,6588.613748609266,32439.0
COOLING,65254.54375,78981.89892690231,497505.0
CUSTOMIZATION,13846.9009765625,13848.370532726032,2.4
DISPLAY,154280.1125,180529.62481702925,968753.0
EXTERNAL STORAGE DEVICES,13748.28125,13748.28125,0.0
GAMING SURFACE,10670.28125,10692.857333477406,3078.0
GRAPHIC CARD,774946.6,952089.3022375318,3783990.0
HARD DISK,13162.877734375,13652.117626062041,6900.0
KEYBOARD,22086.478125,33289.47874209266,78876.0
LAPTOP GA1,19848.23515625,20991.29586817882,0.0
LAPTOP GA2,114483.025,120164.94814904955,209383.0
LAPTOP GA3,36577.27578125,38475.43766412391,27598.0
LAPTOP NO2,16432.021484375,16432.021484375,0.0
LAPTOP PR1,17206.416796875,17232.53641045958,0.0
LAPTOP PR2,44847.75625,50910.09215764279,106228.0
LAPTOP PR3,46147.19375,55022.7352491242,248373.0
MEMORY,384883.975,448147.48011142004,1597869.0
MINI PC,85098.271875,97895.62758921292,74150.0
MOTHERBOARD,213561.05,236608.82325704012,1400894.0
MOUSE,12460.16953125,16248.100940093009,75943.0
NETWORK DEVICE,6125.565625,7065.089044067075,26536.8
PC CASE,88279.25625,118723.64091338289,575696.0
POWER SUPPLY,90611.55,119312.095449635,689855.2
PRINTER AND SCANNER,19045.30390625,30506.452784010344,34096.0
PROCESSOR,421453.825,464718.41549323243,2494653.0
SOLID STATE DRIVE,182427.65,199919.32816859215,1146876.0
SPEAKER,14983.6421875,15074.73767994614,9143.0
UPS & AVR,12190.36640625,13486.627385056921,33550.0
